# Canonical domain redirects - MUST be first to eliminate redirect chains
# Handle all possible domain variations to force single canonical domain
# Order matters: most specific first, then general patterns

# Redirect old domain to new domain (with subpath support)
https://brightforgeseo.com/*  https://brightforge.com.ph/:splat  301!
https://www.brightforgeseo.com/*  https://brightforge.com.ph/:splat  301!
http://brightforgeseo.com/*  https://brightforge.com.ph/:splat  301!
http://www.brightforgeseo.com/*  https://brightforge.com.ph/:splat  301!

# Force non-www for HTTPS (this catches the automatic HTTPS redirect)
https://www.brightforge.com.ph/*  https://brightforge.com.ph/:splat  301!

# Force HTTPS and non-www for HTTP variants
http://www.brightforge.com.ph/*  https://brightforge.com.ph/:splat  301!
http://brightforge.com.ph/*  https://brightforge.com.ph/:splat  301!

# Other specific redirects
/force-facebook-refresh.html / 301
/bright-forge-seo/* / 301
/bright-forge-seo / 301

# Retire deprecated Facebook OG Generator URL with 410 Gone
/facebook-og-generator  /404.html  410
/facebook-og-generator/  /404.html  410

# AI Search Optimization redirects - GEO and AEO pages merged
/generative-engine-optimization-services-philippines  /ai-search-optimization-services-philippines/  301
/generative-engine-optimization-services-philippines/  /ai-search-optimization-services-philippines/  301
/answer-engine-optimization-services-philippines  /ai-search-optimization-services-philippines/  301
/answer-engine-optimization-services-philippines/  /ai-search-optimization-services-philippines/  301

# Development Services redirects - old Astro page to new structure
/astro-seo-website-development  /development/astro/  301
/astro-seo-website-development/  /development/astro/  301

# Contact page redirects
/contact-us  /contact/  301
/contact-us/  /contact/  301

# SEO Services redirects - place above trailing slash to avoid chains
/philippines-seo-services  /  301
/philippines-seo-services/  /  301
/seo-services  /  301
/seo-services/  /  301
/services  /  301
/services/  /  301

# Prerender redirects for common pages
/home  /  301
/index  /  301
/index.html  /  301

# Specific double slash fixes for known issues
/blog//blog/importance-of-local-seo-for-small-businesses/  /blog/importance-of-local-seo-for-small-businesses/  301

# Fallback to 404 page for unmatched routes
/* /404.html 404
